surveyDate,BACDNA,BACINA,BACNNA,BACDINA,BCCDNA,BCCINA,BCCNNA,BCCDINA,EMCDNA,EMCINA,EMCNNA,EMCDINA,WPCDNA,WPCINA,WPCNNA,WPCDINA,PPCDNA,PPCINA,PPCNNA,PPCDINA,PRCDNA,PRCINA,PRCNNA,PRCDINA,CSCDNA,CSCINA,CSCNNA,CSCDINA,BAFDNA,BAFINA,BAFNNA,BAFDINA,BCFDNA,BCFINA,BCFNNA,BCFDINA,EMFDNA,EMFINA,EMFNNA,EMFDINA,WPFDNA,WPFINA,WPFNNA,WPFDINA,PPFDNA,PPFINA,PPFNNA,PPFDINA,PRFDNA,PRFINA,PRFNNA,PRFDINA,CSFDNA,CSFINA,CSFNNA,CSFDINA
2004-09-30,14.8,36.9,48.4,22.1,26.0,22.1,51.9,-3.8,19.5,40.7,39.8,21.1,1.7,46.7,51.7,45.0,2.5,58.7,38.8,56.2,11.9,41.5,46.6,29.7,ND,ND,ND,ND,5.7,55.7,38.5,50.0,13.0,42.0,45.0,29.0,11.5,39.3,49.2,27.9,1.6,50.8,47.5,49.2,1.6,63.1,35.2,61.5,11.7,42.5,45.8,30.8,9.0,58.2,32.8,49.2
2004-10-31,20.0,41.6,38.4,21.6,25.6,23.3,51.2,-2.3,14.5,37.9,47.6,23.4,1.6,47.6,50.8,46.0,1.6,64.8,33.6,63.2,9.1,27.3,63.6,18.2,ND,ND,ND,ND,8.0,44.8,47.2,36.8,15.4,35.4,49.2,20.0,10.5,37.9,51.6,27.4,1.6,49.6,48.8,48.0,1.6,66.7,31.7,65.0,7.5,32.5,60.0,25.0,4.1,47.5,48.4,43.4
2004-11-30,16.9,40.8,42.3,23.8,19.9,28.7,51.5,8.8,17.7,40.0,42.3,22.3,1.5,36.2,62.3,34.6,3.1,63.6,33.3,60.5,9.4,29.1,61.4,19.7,ND,ND,ND,ND,9.9,57.3,32.8,47.3,17.6,39.7,42.6,22.1,13.1,42.3,44.6,29.2,3.8,50.4,45.8,46.6,3.1,65.6,31.3,62.6,2.4,39.5,58.1,37.1,11.6,52.7,35.7,41.1
2004-12-31,19.1,31.5,49.4,12.4,17.9,29.5,52.6,11.6,17.0,33.0,50.0,15.9,1.2,37.2,61.6,36.0,0.0,66.7,33.3,66.7,5.7,34.5,59.8,28.7,ND,ND,ND,ND,11.5,43.7,44.8,32.2,13.7,31.6,54.7,17.9,11.2,37.1,51.7,25.8,2.2,59.6,38.2,57.3,1.1,67.4,31.5,66.3,4.5,46.6,48.9,42.0,7.9,41.6,50.6,33.7
2005-01-31,17.0,37.7,45.3,20.8,17.2,27.6,55.2,10.3,20.6,35.5,43.9,15.0,1.9,44.8,53.3,42.9,2.8,66.0,31.1,63.2,3.7,36.4,59.8,32.7,ND,ND,ND,ND,3.7,52.3,43.9,48.6,7.0,40.4,52.6,33.3,11.3,43.4,45.3,32.1,0.0,54.2,45.8,54.2,0.9,65.7,33.3,64.8,4.7,44.3,50.9,39.6,8.6,41.0,50.5,32.4
2005-02-28,19.4,30.6,50.0,11.1,20.4,28.3,51.3,8.0,16.7,32.4,50.9,15.7,1.9,51.0,47.1,49.0,0.9,65.4,33.6,64.5,7.5,37.7,54.7,30.2,ND,ND,ND,ND,8.4,53.3,38.3,44.9,7.0,51.8,41.2,44.7,9.3,36.4,54.2,27.1,0.9,55.6,43.5,54.6,0.0,68.5,31.5,68.5,6.6,47.2,46.2,40.6,6.5,43.0,50.5,36.4
2005-03-31,17.3,34.7,48.0,17.3,21.7,19.8,58.5,-1.9,15.3,28.6,56.1,13.3,3.1,48.5,48.5,45.4,2.0,67.0,31.0,65.0,4.0,31.3,64.6,27.3,ND,ND,ND,ND,12.1,42.4,45.5,30.3,12.3,32.1,55.7,19.8,9.0,38.0,53.0,29.0,1.0,47.0,52.0,46.0,0.0,67.0,33.0,67.0,3.0,33.3,63.6,30.3,8.1,47.5,44.4,39.4
2005-04-30,13.0,31.5,55.4,18.5,9.3,26.8,63.9,17.5,13.0,27.2,59.8,14.1,1.1,42.2,56.7,41.1,1.1,70.7,28.3,69.6,2.2,40.0,57.8,37.8,ND,ND,ND,ND,6.6,39.6,53.8,33.0,6.2,28.9,64.9,22.7,8.8,37.4,53.8,28.6,0.0,57.6,42.4,57.6,0.0,72.5,27.5,72.5,4.3,37.0,58.7,32.6,8.7,44.6,46.7,35.9
2005-05-31,19.8,37.9,42.2,18.1,21.3,25.4,53.3,4.1,17.4,32.2,50.4,14.8,0.9,48.2,50.9,47.4,0.0,66.1,33.9,66.1,7.0,40.9,52.2,33.9,ND,ND,ND,ND,10.3,46.6,43.1,36.2,19.7,32.0,48.4,12.3,16.4,38.8,44.8,22.4,0.9,50.4,48.7,49.6,0.0,70.5,29.5,70.5,1.8,44.7,53.5,43.0,13.9,41.7,44.3,27.8
2005-06-30,17.3,35.7,46.9,18.4,14.3,21.9,63.8,7.6,15.2,39.4,45.5,24.2,2.1,40.0,57.9,37.9,0.0,60.4,39.6,60.4,6.1,35.4,58.6,29.3,ND,ND,ND,ND,6.1,49.5,44.4,43.4,8.6,33.3,58.1,24.8,7.2,38.1,54.6,30.9,1.0,52.0,46.9,51.0,0.0,61.6,38.4,61.6,4.0,40.4,55.6,36.4,7.1,42.4,50.5,35.4
2005-07-31,17.5,41.2,41.2,23.7,11.5,30.8,57.7,19.2,14.6,35.4,50.0,20.8,1.1,51.6,47.3,50.5,3.2,66.3,30.5,63.2,5.3,38.3,56.4,33.0,ND,ND,ND,ND,11.3,46.4,42.3,35.1,12.5,31.7,55.8,19.2,11.5,35.4,53.1,24.0,0.0,49.5,50.5,49.5,1.0,66.7,32.3,65.6,4.1,38.1,57.7,34.0,9.3,42.3,48.5,33.0
2005-08-31,19.4,39.8,40.9,20.4,17.3,36.7,45.9,19.4,17.4,38.0,44.6,20.7,1.1,48.4,50.5,47.3,2.2,69.6,28.3,67.4,5.5,35.2,59.3,29.7,ND,ND,ND,ND,5.4,53.8,40.9,48.4,9.3,38.1,52.6,28.9,11.8,44.1,44.1,32.3,1.1,44.6,54.3,43.5,1.1,65.2,33.7,64.1,4.4,35.6,60.0,31.1,7.5,49.5,43.0,41.9
2005-09-30,20.5,33.0,46.4,12.5,29.9,22.2,47.9,-7.7,15.5,39.1,45.5,23.6,1.8,50.5,47.7,48.6,0.0,74.5,25.5,74.5,3.6,35.5,60.9,31.8,ND,ND,ND,ND,18.2,36.4,45.5,18.2,33.3,23.9,42.7,-9.4,16.1,33.9,50.0,17.9,2.7,42.0,55.4,39.3,0.0,83.9,16.1,83.9,6.3,45.5,48.2,39.3,8.1,38.7,53.2,30.6
2005-10-31,11.7,38.3,50.0,26.6,24.2,25.3,50.5,1.0,16.1,33.3,50.5,17.2,0.0,50.0,50.0,50.0,0.0,77.2,22.8,77.2,6.4,42.6,51.1,36.2,ND,ND,ND,ND,13.8,31.9,54.3,18.1,21.4,19.4,59.2,-2.0,12.9,31.2,55.9,18.3,0.0,52.1,47.9,52.1,1.1,76.3,22.6,75.3,5.4,48.9,45.7,43.5,10.8,37.6,51.6,26.9
2005-11-30,19.8,30.7,49.5,10.9,25.2,19.6,55.1,-5.6,17.2,33.3,49.5,16.2,0.0,42.6,57.4,42.6,0.0,73.2,26.8,73.2,8.9,35.6,55.4,26.7,ND,ND,ND,ND,14.9,33.7,51.5,18.8,17.9,24.5,57.5,6.6,14.9,29.7,55.4,14.9,0.0,61.4,38.6,61.4,1.0,75.8,23.2,74.7,10.0,42.0,48.0,32.0,13.0,41.0,46.0,28.0
2005-12-31,20.0,34.4,45.6,14.4,22.6,28.0,49.5,5.4,16.9,37.1,46.1,20.2,0.0,41.4,58.6,41.4,2.2,74.2,23.6,71.9,12.4,34.8,52.8,22.5,ND,ND,ND,ND,8.9,44.4,46.7,35.6,14.1,40.2,45.7,26.1,13.3,38.9,47.8,25.6,0.0,51.7,48.3,51.7,3.3,68.9,27.8,65.6,6.8,43.2,50.0,36.4,10.0,36.7,53.3,26.7
2006-01-31,23.9,19.6,56.5,-4.3,20.0,12.0,68.0,-8.0,4.4,33.3,62.2,28.9,0.0,46.7,53.3,46.7,2.2,66.7,31.1,64.4,6.7,40.0,53.3,33.3,ND,ND,ND,ND,13.0,37.0,50.0,23.9,10.4,25.0,64.6,14.6,10.9,28.3,60.9,17.4,0.0,58.7,41.3,58.7,2.2,69.6,28.3,67.4,6.7,37.8,55.6,31.1,6.5,50.0,43.5,43.5
2006-02-28,19.3,36.4,44.3,17.0,23.1,15.4,61.5,-7.7,12.5,26.1,61.4,13.6,0.0,50.6,49.4,50.6,0.0,64.4,35.6,64.4,5.7,36.8,57.5,31.0,ND,ND,ND,ND,11.4,46.6,42.0,35.2,12.1,30.8,57.1,18.7,10.3,39.1,50.6,28.7,0.0,59.1,40.9,59.1,0.0,65.9,34.1,65.9,6.8,36.4,56.8,29.5,8.0,42.0,50.0,34.1
2006-03-31,18.1,36.1,45.8,18.1,18.9,18.9,62.2,0.0,18.1,32.5,49.4,14.5,2.4,47.6,50.0,45.1,1.3,67.5,31.3,66.3,9.8,35.4,54.9,25.6,ND,ND,ND,ND,10.8,43.4,45.8,32.5,13.3,26.7,60.0,13.3,15.7,32.5,51.8,16.9,1.2,54.2,44.6,53.0,1.2,65.1,33.7,63.9,8.4,39.8,51.8,31.3,12.2,41.5,46.3,29.3
2006-04-30,12.9,45.9,41.2,32.9,14.9,31.0,54.0,16.1,14.1,34.1,51.8,20.0,1.2,53.7,45.1,52.4,1.2,59.0,39.8,57.8,10.6,36.5,52.9,25.9,ND,ND,ND,ND,8.2,51.8,40.0,43.5,6.8,38.6,54.5,31.8,10.6,42.4,47.1,31.8,2.4,48.2,49.4,45.9,1.2,58.8,40.0,57.6,4.7,41.2,54.1,36.5,7.2,39.8,53.0,32.5
2006-05-31,17.6,36.5,45.9,18.9,21.5,30.4,48.1,8.9,15.1,31.5,53.4,16.4,0.0,59.7,40.3,59.7,0.0,78.1,21.9,78.1,6.8,35.1,58.1,28.4,ND,ND,ND,ND,16.2,45.9,37.8,29.7,12.7,43.0,44.3,30.4,6.8,45.9,47.3,39.2,0.0,48.6,51.4,48.6,0.0,81.1,18.9,81.1,6.8,43.8,49.3,37.0,8.1,45.9,45.9,37.8
2006-06-30,24.7,40.4,34.8,15.7,21.7,26.1,52.2,4.3,19.3,33.0,47.7,13.6,3.4,47.7,48.9,44.3,1.1,80.5,18.4,79.3,9.1,40.9,50.0,31.8,ND,ND,ND,ND,14.6,41.6,43.8,27.0,20.7,20.7,58.7,0.0,12.5,38.6,48.9,26.1,1.1,48.9,50.0,47.7,1.1,77.5,21.3,76.4,5.7,42.0,52.3,36.4,9.0,37.1,53.9,28.1
2006-07-31,14.5,39.1,46.4,24.6,18.3,28.2,53.5,9.9,16.2,27.9,55.9,11.8,0.0,48.5,51.5,48.5,1.5,72.7,25.8,71.2,2.9,45.6,51.5,42.6,ND,ND,ND,ND,7.4,41.2,51.5,33.8,20.0,25.7,54.3,5.7,13.2,38.2,48.5,25.0,0.0,45.6,54.4,45.6,1.5,68.7,29.9,67.2,2.9,33.3,63.8,30.4,8.8,39.7,51.5,30.9
2006-08-31,23.7,30.3,46.1,6.6,33.3,27.2,39.5,-6.2,11.8,40.8,47.4,28.9,1.4,55.4,43.2,54.1,2.6,77.6,19.7,75.0,11.8,39.5,48.7,27.6,ND,ND,ND,ND,21.1,35.5,43.4,14.5,27.2,23.5,49.4,-3.7,10.4,31.2,58.4,20.8,0.0,48.1,51.9,48.1,2.7,70.7,26.7,68.0,7.8,41.6,50.6,33.8,13.2,42.1,44.7,28.9
2006-09-30,22.1,42.9,35.1,20.8,25.9,25.9,48.1,0.0,17.9,35.9,46.2,17.9,0.0,46.8,53.2,46.8,0.0,64.1,35.9,64.1,10.7,37.3,52.0,26.7,ND,ND,ND,ND,12.8,42.3,44.9,29.5,21.0,22.2,56.8,1.2,11.7,36.4,51.9,24.7,1.3,51.3,47.4,50.0,3.9,65.8,30.3,61.8,10.3,38.5,51.3,28.2,11.5,33.3,55.1,21.8
2006-10-31,20.9,32.8,46.3,11.9,22.1,27.9,50.0,5.9,16.4,38.8,44.8,22.4,0.0,43.3,56.7,43.3,4.5,51.5,43.9,47.0,6.1,19.7,74.2,13.6,ND,ND,ND,ND,13.4,34.3,52.2,20.9,14.7,19.1,66.2,4.4,9.0,38.8,52.2,29.9,0.0,47.8,52.2,47.8,7.6,57.6,34.8,50.0,9.0,40.3,50.7,31.3,15.2,33.3,51.5,18.2
2006-11-30,15.4,29.2,55.4,13.8,22.4,22.4,55.2,0.0,14.1,39.1,46.9,25.0,0.0,50.8,49.2,50.8,0.0,64.6,35.4,64.6,6.3,23.8,69.8,17.5,ND,ND,ND,ND,10.8,35.4,53.8,24.6,16.4,16.4,67.2,0.0,7.7,36.9,55.4,29.2,0.0,58.7,41.3,58.7,1.5,67.7,30.8,66.2,7.9,42.9,49.2,34.9,10.8,44.6,44.6,33.8
2006-12-31,14.5,42.0,43.5,27.5,16.9,29.6,53.5,12.7,10.4,32.8,56.7,22.4,1.6,46.9,51.6,45.3,0.0,60.0,40.0,60.0,4.5,30.3,65.2,25.8,ND,ND,ND,ND,10.1,44.9,44.9,34.8,12.7,26.8,60.6,14.1,4.5,40.3,55.2,35.8,1.5,65.2,33.3,63.6,0.0,66.7,33.3,66.7,3.0,47.0,50.0,43.9,13.6,42.4,43.9,28.8
2007-01-31,12.3,39.5,48.1,27.2,18.1,32.5,49.4,14.5,15.0,40.0,45.0,25.0,1.3,57.0,41.8,55.7,0.0,59.5,40.5,59.5,3.8,33.8,62.5,30.0,ND,ND,ND,ND,8.8,32.5,58.8,23.8,13.4,22.0,64.6,8.5,11.4,36.7,51.9,25.3,1.3,59.5,39.2,58.2,0.0,60.0,40.0,60.0,5.1,29.5,65.4,24.4,11.1,37.0,51.9,25.9
2007-02-28,19.4,32.3,48.4,12.9,18.5,27.7,53.8,9.2,16.1,35.5,48.4,19.4,1.6,62.9,35.5,61.3,1.6,65.1,33.3,63.5,3.2,30.6,66.1,27.4,ND,ND,ND,ND,5.0,46.7,48.3,41.7,6.2,29.2,64.6,23.1,8.3,43.3,48.3,35.0,1.6,52.4,46.0,50.8,1.6,55.6,42.9,54.0,3.2,43.5,53.2,40.3,14.3,46.0,39.7,31.7
2007-03-31,18.3,35.0,46.7,16.7,21.0,25.8,53.2,4.8,10.2,32.2,57.6,22.0,0.0,50.9,49.1,50.9,0.0,58.3,41.7,58.3,1.7,36.7,61.7,35.0,ND,ND,ND,ND,5.0,45.0,50.0,40.0,11.3,25.8,62.9,14.5,11.9,37.3,50.8,25.4,1.7,60.0,38.3,58.3,3.3,58.3,38.3,55.0,0.0,40.0,60.0,40.0,18.6,44.1,37.3,25.4
2007-04-30,20.0,36.3,43.8,16.3,29.6,27.2,43.2,-2.5,14.8,39.5,45.7,24.7,1.3,60.0,38.8,58.8,3.7,69.1,27.2,65.4,10.0,35.0,55.0,25.0,ND,ND,ND,ND,9.9,33.3,56.8,23.5,16.0,21.0,63.0,4.9,8.6,44.4,46.9,35.8,1.2,51.9,46.9,50.6,2.5,67.9,29.6,65.4,7.5,33.8,58.8,26.3,10.0,46.3,43.8,36.3
2007-05-31,19.4,37.1,43.5,17.7,17.5,25.4,57.1,7.9,16.1,32.3,51.6,16.1,1.6,60.7,37.7,59.0,3.3,54.1,42.6,50.8,6.5,33.9,59.7,27.4,ND,ND,ND,ND,11.3,40.3,48.4,29.0,7.9,34.9,57.1,27.0,8.1,38.7,53.2,30.6,1.6,50.0,48.4,48.4,1.6,56.5,41.9,54.8,8.2,34.4,57.4,26.2,11.3,35.5,53.2,24.2
2007-06-30,13.5,40.5,45.9,27.0,14.7,37.3,48.0,22.7,14.9,33.8,51.4,18.9,1.4,52.8,45.8,51.4,0.0,60.8,39.2,60.8,4.1,38.4,57.5,34.2,ND,ND,ND,ND,8.1,41.9,50.0,33.8,14.7,25.3,60.0,10.7,9.5,43.2,47.3,33.8,0.0,51.4,48.6,51.4,1.4,58.9,39.7,57.5,2.7,43.8,53.4,41.1,13.5,43.2,43.2,29.7
2007-07-31,12.9,30.0,57.1,17.1,19.4,31.9,48.6,12.5,13.0,42.0,44.9,29.0,0.0,50.7,49.3,50.7,1.4,57.1,41.4,55.7,4.3,34.3,61.4,30.0,ND,ND,ND,ND,4.3,38.6,57.1,34.3,8.5,38.0,53.5,29.6,5.6,42.3,52.1,36.6,1.4,51.4,47.1,50.0,0.0,54.9,45.1,54.9,2.9,37.1,60.0,34.3,5.8,50.7,43.5,44.9
2007-08-31,21.9,38.4,39.7,16.4,19.7,26.3,53.9,6.6,16.2,37.8,45.9,21.6,2.8,56.9,40.3,54.2,4.1,66.2,29.7,62.2,8.2,31.5,60.3,23.3,ND,ND,ND,ND,12.2,39.2,48.6,27.0,18.4,23.7,57.9,5.3,13.5,35.1,51.4,21.6,1.4,40.5,58.1,39.2,1.3,60.0,38.7,58.7,6.8,39.7,53.4,32.9,10.7,37.3,52.0,26.7
2007-09-30,22.5,29.6,47.9,7.0,33.3,15.3,51.4,-18.1,12.7,35.2,52.1,22.5,1.4,50.0,48.6,48.6,1.4,63.4,35.2,62.0,5.8,39.1,55.1,33.3,ND,ND,ND,ND,18.6,44.3,37.1,25.7,30.6,25.0,44.4,-5.6,9.9,33.8,56.3,23.9,1.4,49.3,49.3,47.9,0.0,62.9,37.1,62.9,4.2,47.9,47.9,43.7,11.3,42.3,46.5,31.0
2007-10-31,12.5,34.7,52.8,22.2,24.7,21.9,53.4,-2.7,14.5,34.8,50.7,20.3,1.4,52.1,46.5,50.7,2.9,48.6,48.6,45.7,4.3,30.0,65.7,25.7,ND,ND,ND,ND,11.1,36.1,52.8,25.0,21.9,20.5,57.5,-1.4,13.9,31.9,54.2,18.1,1.4,50.0,48.6,48.6,0.0,61.1,38.9,61.1,4.2,38.0,57.7,33.8,9.7,45.8,44.4,36.1
2007-11-30,18.4,26.3,55.3,7.9,26.0,20.8,53.2,-5.2,14.5,38.2,47.4,23.7,0.0,44.0,56.0,44.0,1.4,63.0,35.6,61.6,4.1,32.4,63.5,28.4,ND,ND,ND,ND,22.4,25.0,52.6,2.6,28.6,13.0,58.4,-15.6,13.2,32.9,53.9,19.7,1.3,60.5,38.2,59.2,1.3,66.7,32.0,65.3,5.3,44.0,50.7,38.7,17.3,42.7,40.0,25.3
2007-12-31,31.3,19.4,49.3,-11.9,34.8,18.8,46.4,-15.9,16.2,35.3,48.5,19.1,0.0,41.3,58.7,41.3,2.9,67.6,29.4,64.7,9.0,31.3,59.7,22.4,ND,ND,ND,ND,26.5,29.4,44.1,2.9,33.3,14.5,52.2,-18.8,16.4,31.3,52.2,14.9,1.5,50.0,48.5,48.5,2.9,64.7,32.4,61.8,5.9,45.6,48.5,39.7,13.6,39.4,47.0,25.8
2008-01-31,24.6,29.2,46.2,4.6,33.3,9.1,57.6,-24.2,15.9,36.5,47.6,20.6,3.2,50.8,46.0,47.6,3.2,68.3,28.6,65.1,4.9,36.1,59.0,31.1,ND,ND,ND,ND,20.3,31.3,48.4,10.9,32.3,20.0,47.7,-12.3,13.8,40.0,46.2,26.2,1.5,53.8,44.6,52.3,0.0,70.3,29.7,70.3,3.1,34.4,62.5,31.3,15.4,40.0,44.6,24.6
2008-02-29,35.5,21.0,43.5,-14.5,52.4,9.5,38.1,-42.9,26.7,21.7,51.7,-5.0,3.3,55.7,41.0,52.5,3.3,63.3,33.3,60.0,8.5,40.7,50.8,32.2,ND,ND,ND,ND,30.0,18.3,51.7,-11.7,42.9,14.3,42.9,-28.6,13.3,30.0,56.7,16.7,3.2,45.2,51.6,41.9,0.0,69.4,30.6,69.4,6.5,35.5,58.1,29.0,19.7,31.1,49.2,11.5
2008-03-31,28.4,22.4,49.3,-6.0,50.0,10.3,39.7,-39.7,22.7,19.7,57.6,-3.0,4.6,46.2,49.2,41.5,0.0,75.8,24.2,75.8,3.1,41.5,55.4,38.5,ND,ND,ND,ND,28.4,25.4,46.3,-3.0,48.5,19.1,32.4,-29.4,16.7,24.2,59.1,7.6,4.5,47.8,47.8,43.3,0.0,70.3,29.7,70.3,1.5,46.3,52.2,44.8,14.9,34.3,50.7,19.4
2008-04-30,47.5,23.0,29.5,-24.6,56.5,8.1,35.5,-48.4,30.0,31.7,38.3,1.7,3.4,40.7,55.9,37.3,5.0,71.7,23.3,66.7,6.8,44.1,49.2,37.3,ND,ND,ND,ND,29.5,36.1,34.4,6.6,37.1,16.1,46.8,-21.0,20.0,28.3,51.7,8.3,5.0,50.0,45.0,45.0,3.3,75.4,21.3,72.1,3.3,44.3,52.5,41.0,25.0,36.7,38.3,11.7
2008-05-31,34.5,21.8,43.6,-12.7,62.5,8.9,28.6,-53.6,22.2,22.2,55.6,0.0,7.3,50.9,41.8,43.6,1.9,81.1,17.0,79.2,7.4,37.0,55.6,29.6,ND,ND,ND,ND,23.6,27.3,49.1,3.6,42.9,23.2,33.9,-19.6,18.2,21.8,60.0,3.6,5.5,49.1,45.5,43.6,1.8,81.8,16.4,80.0,7.3,47.3,45.5,40.0,10.9,29.1,60.0,18.2
2008-06-30,38.6,15.8,45.6,-22.8,60.3,10.3,29.3,-50.0,22.8,28.1,49.1,5.3,3.6,42.9,53.6,39.3,0.0,87.5,12.5,87.5,3.5,49.1,47.4,45.6,ND,ND,ND,ND,26.8,25.0,48.2,-1.8,44.8,10.3,44.8,-34.5,19.6,25.0,55.4,5.4,3.5,50.9,45.6,47.4,0.0,86.0,14.0,86.0,3.5,50.9,45.6,47.4,19.3,38.6,42.1,19.3
2008-07-31,36.8,12.3,50.9,-24.6,74.1,1.7,24.1,-72.4,23.2,19.6,57.1,-3.6,10.7,37.5,51.8,26.8,0.0,80.4,19.6,80.4,8.9,44.6,46.4,35.7,ND,ND,ND,ND,31.6,15.8,52.6,-15.8,41.4,6.9,51.7,-34.5,26.8,12.5,60.7,-14.3,7.1,39.3,53.6,32.1,0.0,89.3,10.7,89.3,1.8,60.7,37.5,58.9,21.1,36.8,42.1,15.8
2008-08-31,25.9,20.7,53.4,-5.2,59.3,8.5,32.2,-50.8,26.8,19.6,53.6,-7.1,1.7,53.4,44.8,51.7,0.0,82.8,17.2,82.8,6.9,48.3,44.8,41.4,ND,ND,ND,ND,31.6,26.3,42.1,-5.3,35.6,13.6,50.8,-22.0,19.0,19.0,62.1,0.0,1.7,34.5,63.8,32.8,1.7,86.2,12.1,84.5,6.9,44.8,48.3,37.9,17.2,39.7,43.1,22.4
2008-09-30,41.4,13.8,44.8,-27.6,64.4,3.4,32.2,-61.0,27.6,20.7,51.7,-6.9,3.6,51.8,44.6,48.2,5.3,73.7,21.1,68.4,8.6,31.0,60.3,22.4,ND,ND,ND,ND,22.4,25.9,51.7,3.4,35.6,22.0,42.4,-13.6,22.4,15.5,62.1,-6.9,5.3,40.4,54.4,35.1,3.5,75.4,21.1,71.9,10.3,39.7,50.0,29.3,24.6,28.1,47.4,3.5
2008-10-31,50.8,16.9,32.2,-33.9,80.3,8.2,11.5,-72.1,37.3,18.6,44.1,-18.6,3.3,40.0,56.7,36.7,5.1,67.8,27.1,62.7,15.0,30.0,55.0,15.0,ND,ND,ND,ND,56.7,15.0,28.3,-41.7,75.4,9.8,14.8,-65.6,54.2,11.9,33.9,-42.4,5.0,38.3,56.7,33.3,8.3,68.3,23.3,60.0,16.7,33.3,50.0,16.7,38.3,20.0,41.7,-18.3
2008-11-30,49.2,13.1,37.7,-36.1,83.9,6.5,9.7,-77.4,40.0,15.0,45.0,-25.0,3.4,36.2,60.3,32.8,13.6,50.8,35.6,37.3,18.0,19.7,62.3,1.6,ND,ND,ND,ND,45.9,9.8,44.3,-36.1,66.1,4.8,29.0,-61.3,45.9,8.2,45.9,-37.7,5.0,46.7,48.3,41.7,16.7,36.7,46.7,20.0,19.7,24.6,55.7,4.9,35.0,16.7,48.3,-18.3
2008-12-31,58.0,14.0,28.0,-44.0,84.3,5.9,9.8,-78.4,49.0,16.3,34.7,-32.7,6.1,44.9,49.0,38.8,22.9,47.9,29.2,25.0,24.5,20.4,55.1,-4.1,ND,ND,ND,ND,60.0,8.0,32.0,-52.0,72.5,5.9,21.6,-66.7,49.0,6.1,44.9,-42.9,14.3,38.8,46.9,24.5,18.0,32.0,50.0,14.0,26.0,14.0,60.0,-12.0,48.0,16.0,36.0,-32.0
2009-01-31,47.6,17.5,34.9,-30.2,78.1,6.3,15.6,-71.9,44.4,11.1,44.4,-33.3,8.5,30.5,61.0,22.0,28.6,28.6,42.9,0.0,20.0,20.0,60.0,0.0,ND,ND,ND,ND,41.3,22.2,36.5,-19.0,54.7,7.8,37.5,-46.9,50.8,7.9,41.3,-42.9,7.9,41.3,50.8,33.3,19.0,27.0,54.0,7.9,14.3,19.0,66.7,4.8,50.8,13.1,36.1,-37.7
2009-02-28,59.0,14.8,26.2,-44.3,90.2,1.6,8.2,-88.5,55.9,8.5,35.6,-47.5,13.6,27.1,59.3,13.6,28.1,21.1,50.9,-7.0,23.3,16.7,60.0,-6.7,ND,ND,ND,ND,47.5,19.7,32.8,-27.9,63.9,6.6,29.5,-57.4,45.9,8.2,45.9,-37.7,11.5,24.6,63.9,13.1,20.3,23.7,55.9,3.4,20.0,28.3,51.7,8.3,34.4,13.1,52.5,-21.3
2009-03-31,60.3,13.2,26.5,-47.1,85.5,7.2,7.2,-78.3,56.1,10.6,33.3,-45.5,21.5,24.6,53.8,3.1,21.9,18.8,59.4,-3.1,29.7,10.9,59.4,-18.8,ND,ND,ND,ND,40.3,14.9,44.8,-25.4,60.9,7.2,31.9,-53.6,41.8,10.4,47.8,-31.3,17.9,23.9,58.2,6.0,19.7,19.7,60.6,0.0,20.9,19.4,59.7,-1.5,38.2,11.8,50.0,-26.5
2009-04-30,36.1,24.6,39.3,-11.5,74.2,11.3,14.5,-62.9,54.2,15.3,30.5,-39.0,13.3,28.3,58.3,15.0,27.6,25.9,46.6,-1.7,28.3,13.3,58.3,-15.0,ND,ND,ND,ND,25.0,33.3,41.7,8.3,33.9,22.6,43.5,-11.3,31.1,16.4,52.5,-14.8,13.1,31.1,55.7,18.0,14.8,31.1,54.1,16.4,16.4,26.2,57.4,9.8,36.7,25.0,38.3,-11.7
2009-05-31,35.5,25.8,38.7,-9.7,73.0,14.3,12.7,-58.7,45.9,14.8,39.3,-31.1,12.9,32.3,54.8,19.4,19.7,24.6,55.7,4.9,20.7,20.7,58.6,0.0,ND,ND,ND,ND,17.7,46.8,35.5,29.0,22.2,38.1,39.7,15.9,26.2,18.0,55.7,-8.2,11.3,30.6,58.1,19.4,16.4,27.9,55.7,11.5,11.5,26.2,62.3,14.8,29.5,21.3,49.2,-8.2
2009-06-30,27.3,21.8,50.9,-5.5,78.6,1.8,19.6,-76.8,52.7,12.7,34.5,-40.0,25.5,30.9,43.6,5.5,17.3,32.7,50.0,15.4,25.9,18.5,55.6,-7.4,ND,ND,ND,ND,20.0,40.0,40.0,20.0,32.1,28.6,39.3,-3.6,20.0,21.8,58.2,1.8,7.4,16.7,75.9,9.3,11.1,42.6,46.3,31.5,18.9,24.5,56.6,5.7,29.1,21.8,49.1,-7.3
2009-07-31,39.0,23.7,37.3,-15.3,78.3,6.7,15.0,-71.7,50.0,10.3,39.7,-39.7,15.3,25.4,59.3,10.2,23.7,22.0,54.2,-1.7,23.2,14.3,62.5,-8.9,ND,ND,ND,ND,15.3,40.7,44.1,25.4,20.0,31.7,48.3,11.7,18.6,15.3,66.1,-3.4,5.1,22.0,72.9,16.9,11.9,30.5,57.6,18.6,16.9,11.9,71.2,-5.1,28.8,22.0,49.2,-6.8
2009-08-31,14.5,32.3,53.2,17.7,65.1,14.3,20.6,-50.8,40.0,16.7,43.3,-23.3,14.8,31.1,54.1,16.4,10.5,26.3,63.2,15.8,15.0,18.3,66.7,3.3,ND,ND,ND,ND,11.3,43.5,45.2,32.3,19.0,36.5,44.4,17.5,18.0,23.0,59.0,4.9,3.2,21.0,75.8,17.7,4.8,43.5,51.6,38.7,9.8,23.0,67.2,13.1,26.2,27.9,45.9,1.6
2009-09-30,24.2,32.3,43.5,8.1,65.1,9.5,25.4,-55.6,40.3,16.1,43.5,-24.2,9.8,26.2,63.9,16.4,14.5,29.0,56.5,14.5,15.0,16.7,68.3,1.7,ND,ND,ND,ND,14.5,46.8,38.7,32.3,19.0,42.9,38.1,23.8,16.1,17.7,66.1,1.6,1.6,32.3,66.1,30.6,9.7,29.0,61.3,19.4,16.1,11.3,72.6,-4.8,19.4,27.4,53.2,8.1
2009-10-31,21.4,33.9,44.6,12.5,65.5,12.1,22.4,-53.4,39.3,14.3,46.4,-25.0,7.3,23.6,69.1,16.4,16.7,24.1,59.3,7.4,19.3,15.8,64.9,-3.5,ND,ND,ND,ND,8.8,43.9,47.4,35.1,14.0,33.3,52.6,19.3,15.8,28.1,56.1,12.3,3.5,31.6,64.9,28.1,12.5,33.9,53.6,21.4,10.5,21.1,68.4,10.5,29.8,29.8,40.4,0.0
2009-11-30,19.6,34.8,45.7,15.2,55.3,14.9,29.8,-40.4,21.7,13.0,65.2,-8.7,6.5,21.7,71.7,15.2,13.3,31.1,55.6,17.8,15.2,13.0,71.7,-2.2,ND,ND,ND,ND,15.2,34.8,50.0,19.6,21.3,36.2,42.6,14.9,19.6,23.9,56.5,4.3,6.5,32.6,60.9,26.1,8.7,39.1,52.2,30.4,13.0,19.6,67.4,6.5,28.3,26.1,45.7,-2.2
2009-12-31,14.3,26.2,59.5,11.9,64.4,6.7,28.9,-57.8,23.3,11.6,65.1,-11.6,2.3,18.6,79.1,16.3,11.9,31.0,57.1,19.0,12.5,15.0,72.5,2.5,ND,ND,ND,ND,11.6,55.8,32.6,44.2,17.8,35.6,46.7,17.8,20.9,27.9,51.2,7.0,7.1,52.4,40.5,45.2,4.7,34.9,60.5,30.2,19.5,17.1,63.4,-2.4,23.3,30.2,46.5,7.0
2010-01-31,21.8,29.1,49.1,7.3,48.2,8.9,42.9,-39.3,24.1,13.0,63.0,-11.1,7.4,33.3,59.3,25.9,13.0,37.0,50.0,24.1,9.4,15.1,75.5,5.7,ND,ND,ND,ND,9.1,54.5,36.4,45.5,12.5,44.6,42.9,32.1,10.9,34.5,54.5,23.6,3.6,58.2,38.2,54.5,7.3,45.5,47.3,38.2,9.4,32.1,58.5,22.6,18.2,29.1,52.7,10.9
2010-02-28,19.2,32.7,48.1,13.5,55.6,9.3,35.2,-46.3,21.2,23.1,55.8,1.9,5.9,35.3,58.8,29.4,7.7,36.5,55.8,28.8,11.8,17.6,70.6,5.9,ND,ND,ND,ND,11.8,49.0,39.2,37.3,20.4,38.9,40.7,18.5,11.8,35.3,52.9,23.5,2.0,49.0,49.0,47.1,9.6,40.4,50.0,30.8,9.6,30.8,59.6,21.2,13.5,34.6,51.9,21.2
2010-03-31,22.4,28.6,49.0,6.1,58.0,4.0,38.0,-54.0,22.9,18.8,58.3,-4.2,8.3,41.7,50.0,33.3,2.0,36.7,61.2,34.7,4.2,8.3,87.5,4.2,ND,ND,ND,ND,4.1,49.0,46.9,44.9,10.0,36.0,54.0,26.0,10.2,38.8,51.0,28.6,4.2,52.1,43.8,47.9,2.0,42.9,55.1,40.8,6.1,26.5,67.3,20.4,12.2,38.8,49.0,26.5
2010-04-30,17.0,31.9,51.1,14.9,52.1,10.4,37.5,-41.7,23.4,23.4,53.2,0.0,8.5,29.8,61.7,21.3,2.1,36.2,61.7,34.0,10.9,21.7,67.4,10.9,ND,ND,ND,ND,10.6,53.2,36.2,42.6,8.3,52.1,39.6,43.7,10.6,31.9,57.4,21.3,2.1,53.2,44.7,51.1,2.1,51.1,46.8,48.9,2.1,27.7,70.2,25.5,19.1,29.8,51.1,10.6
2010-05-31,25.5,31.4,43.1,5.9,49.0,7.8,43.1,-41.2,19.6,21.6,58.8,2.0,5.9,31.4,62.7,25.5,9.8,45.1,45.1,35.3,12.2,20.4,67.3,8.2,ND,ND,ND,ND,7.8,39.2,52.9,31.4,13.7,41.2,45.1,27.5,9.8,33.3,56.9,23.5,3.9,43.1,52.9,39.2,6.0,48.0,46.0,42.0,14.0,28.0,58.0,14.0,31.4,27.5,41.2,-3.9
2010-06-30,26.0,26.0,48.0,0.0,54.0,4.0,42.0,-50.0,22.0,22.0,56.0,0.0,8.2,30.6,61.2,22.4,10.0,32.0,58.0,22.0,18.0,14.0,68.0,-4.0,ND,ND,ND,ND,12.2,40.8,46.9,28.6,20.0,30.0,50.0,10.0,16.0,30.0,54.0,14.0,2.0,36.7,61.2,34.7,6.0,40.0,54.0,34.0,16.0,18.0,66.0,2.0,22.0,30.0,48.0,8.0
2010-07-31,16.0,24.0,60.0,8.0,58.8,7.8,33.3,-51.0,20.0,30.0,50.0,10.0,8.0,40.0,52.0,32.0,2.0,38.8,59.2,36.7,16.0,18.0,66.0,2.0,ND,ND,ND,ND,10.0,30.0,60.0,20.0,14.0,30.0,56.0,16.0,10.0,42.0,48.0,32.0,2.0,40.0,58.0,38.0,4.0,52.0,44.0,48.0,8.2,14.3,77.6,6.1,25.5,31.9,42.6,6.4
2010-08-31,22.7,29.5,47.7,6.8,54.3,10.9,34.8,-43.5,20.5,29.5,50.0,9.1,2.2,40.0,57.8,37.8,4.4,31.1,64.4,26.7,13.6,18.2,68.2,4.5,ND,ND,ND,ND,6.7,44.4,48.9,37.8,19.6,28.3,52.2,8.7,13.6,34.1,52.3,20.5,0.0,33.3,66.7,33.3,6.7,35.6,57.8,28.9,15.9,20.5,63.6,4.5,24.4,33.3,42.2,8.9
2010-09-30,22.9,31.3,45.8,8.3,56.9,9.8,33.3,-47.1,16.0,28.0,56.0,12.0,6.4,46.8,46.8,40.4,6.0,40.0,54.0,34.0,10.2,22.4,67.3,12.2,ND,ND,ND,ND,10.2,36.7,53.1,26.5,21.6,27.5,51.0,5.9,12.0,34.0,54.0,22.0,2.0,34.0,64.0,32.0,2.0,40.0,58.0,38.0,6.1,22.4,71.4,16.3,20.0,32.0,48.0,12.0
2010-10-31,23.3,37.2,39.5,14.0,51.1,13.3,35.6,-37.8,16.3,30.2,53.5,14.0,0.0,46.5,53.5,46.5,2.4,35.7,61.9,33.3,9.3,11.6,79.1,2.3,ND,ND,ND,ND,11.4,27.3,61.4,15.9,11.4,20.5,68.2,9.1,14.0,30.2,55.8,16.3,0.0,45.5,54.5,45.5,0.0,47.7,52.3,47.7,6.8,18.2,75.0,11.4,25.0,25.0,50.0,0.0
2010-11-30,12.5,30.0,57.5,17.5,41.0,20.5,38.5,-20.5,12.8,35.9,51.3,23.1,2.6,35.9,61.5,33.3,10.3,41.0,48.7,30.8,10.0,10.0,80.0,0.0,ND,ND,ND,ND,15.0,32.5,52.5,17.5,17.1,34.1,48.8,17.1,12.5,35.0,52.5,22.5,2.5,40.0,57.5,37.5,2.5,45.0,52.5,42.5,15.4,20.5,64.1,5.1,30.8,30.8,38.5,0.0
2010-12-31,14.3,26.5,59.2,12.2,48.0,12.0,40.0,-36.0,14.6,29.2,56.3,14.6,2.0,32.7,65.3,30.6,0.0,47.9,52.1,47.9,6.5,23.9,69.6,17.4,ND,ND,ND,ND,14.3,36.7,49.0,22.4,14.0,30.0,56.0,16.0,20.8,25.0,54.2,4.2,2.0,51.0,46.9,49.0,0.0,56.3,43.8,56.2,14.6,35.4,50.0,20.8,22.9,22.9,54.2,0.0
2011-01-31,21.7,26.1,52.2,4.3,40.4,21.3,38.3,-19.1,17.8,28.9,53.3,11.1,0.0,39.5,60.5,39.5,0.0,53.3,46.7,53.3,9.1,18.2,72.7,9.1,ND,ND,ND,ND,6.5,47.8,45.7,41.3,10.6,44.7,44.7,34.0,10.9,26.1,63.0,15.2,2.2,51.1,46.7,48.9,2.2,57.8,40.0,55.6,2.2,44.4,53.3,42.2,22.2,24.4,53.3,2.2
2011-02-28,19.0,31.0,50.0,11.9,48.8,7.0,44.2,-41.9,14.3,31.0,54.8,16.7,4.9,36.6,58.5,31.7,2.5,52.5,45.0,50.0,5.0,27.5,67.5,22.5,ND,ND,ND,ND,4.8,54.8,40.5,50.0,9.8,46.3,43.9,36.6,14.6,36.6,48.8,22.0,7.3,48.8,43.9,41.5,0.0,64.3,35.7,64.3,2.5,35.0,62.5,32.5,23.8,26.2,50.0,2.4
2011-03-31,22.7,27.3,50.0,4.5,44.4,13.3,42.2,-31.1,20.5,22.7,56.8,2.3,0.0,44.2,55.8,44.2,0.0,68.3,31.7,68.3,7.1,23.8,69.0,16.7,ND,ND,ND,ND,6.8,52.3,40.9,45.5,13.6,38.6,47.7,25.0,18.2,29.5,52.3,11.4,2.3,45.5,52.3,43.2,0.0,72.7,27.3,72.7,0.0,54.5,45.5,54.5,26.2,23.8,50.0,-2.4
2011-04-30,17.1,31.7,51.2,14.6,35.7,11.9,52.4,-23.8,14.6,24.4,61.0,9.8,2.5,42.5,55.0,40.0,0.0,63.4,36.6,63.4,5.0,35.0,60.0,30.0,ND,ND,ND,ND,4.9,46.3,48.8,41.5,7.1,40.5,52.4,33.3,12.2,29.3,58.5,17.1,0.0,50.0,50.0,50.0,0.0,65.9,34.1,65.9,2.6,46.2,51.3,43.6,21.1,28.9,50.0,7.9
2011-05-31,17.4,28.3,54.3,10.9,38.3,17.0,44.7,-21.3,15.9,25.0,59.1,9.1,4.3,47.8,47.8,43.5,4.4,64.4,31.1,60.0,6.5,21.7,71.7,15.2,ND,ND,ND,ND,8.7,32.6,58.7,23.9,12.8,31.9,55.3,19.1,17.8,22.2,60.0,4.4,0.0,41.3,58.7,41.3,0.0,69.6,30.4,69.6,4.4,46.7,48.9,42.2,17.8,22.2,60.0,4.4
2011-06-30,29.2,18.8,52.1,-10.4,59.2,8.2,32.7,-51.0,10.9,17.4,71.7,6.5,0.0,43.8,56.3,43.7,0.0,68.1,31.9,68.1,12.5,29.2,58.3,16.7,ND,ND,ND,ND,4.3,36.2,59.6,31.9,10.2,24.5,65.3,14.3,8.3,31.3,60.4,22.9,0.0,41.7,58.3,41.7,2.1,58.3,39.6,56.2,4.2,31.3,64.6,27.1,18.8,35.4,45.8,16.7
2011-07-31,17.5,17.5,65.0,0.0,45.2,7.1,47.6,-38.1,19.5,22.0,58.5,2.4,2.6,43.6,53.8,41.0,2.6,69.2,28.2,66.7,5.1,35.9,59.0,30.8,ND,ND,ND,ND,7.3,36.6,56.1,29.3,17.1,26.8,56.1,9.8,7.5,22.5,70.0,15.0,0.0,36.6,63.4,36.6,2.4,48.8,48.8,46.3,4.9,29.3,65.9,24.4,22.0,29.3,48.8,7.3
2011-08-31,34.0,17.0,48.9,-17.0,61.2,4.1,34.7,-57.1,14.9,25.5,59.6,10.6,0.0,44.4,55.6,44.4,6.4,55.3,38.3,48.9,17.4,21.7,60.9,4.3,ND,ND,ND,ND,14.6,25.0,60.4,10.4,28.6,24.5,46.9,-4.1,19.6,17.4,63.0,-2.2,2.1,27.7,70.2,25.5,6.3,58.3,35.4,52.1,17.8,24.4,57.8,6.7,23.4,21.3,55.3,-2.1
2011-09-30,31.3,20.8,47.9,-10.4,63.3,8.2,28.6,-55.1,23.4,12.8,63.8,-10.6,4.3,34.0,61.7,29.8,6.3,52.1,41.7,45.8,17.4,23.9,58.7,6.5,ND,ND,ND,ND,10.4,22.9,66.7,12.5,22.4,16.3,61.2,-6.1,15.2,26.1,58.7,10.9,0.0,27.1,72.9,27.1,2.1,54.2,43.8,52.1,16.7,22.9,60.4,6.3,31.3,33.3,35.4,2.1
2011-10-31,44.2,23.3,32.6,-20.9,67.4,10.9,21.7,-56.5,15.6,15.6,68.9,0.0,4.5,31.8,63.6,27.3,14.0,48.8,37.2,34.9,18.6,14.0,67.4,-4.7,ND,ND,ND,ND,24.4,24.4,51.1,0.0,23.9,15.2,60.9,-8.7,16.3,34.9,48.8,18.6,0.0,34.1,65.9,34.1,6.7,48.9,44.4,42.2,17.8,20.0,62.2,2.2,24.4,35.6,40.0,11.1
2011-11-30,29.3,26.8,43.9,-2.4,51.2,14.0,34.9,-37.2,22.0,19.5,58.5,-2.4,10.0,32.5,57.5,22.5,5.0,47.5,47.5,42.5,12.5,17.5,70.0,5.0,ND,ND,ND,ND,17.1,34.1,48.8,17.1,20.9,23.3,55.8,2.3,15.4,25.6,59.0,10.3,2.5,42.5,55.0,40.0,5.0,50.0,45.0,45.0,4.9,29.3,65.9,24.4,22.5,35.0,42.5,12.5
2011-12-31,20.0,17.5,62.5,-2.5,51.2,14.0,34.9,-37.2,21.4,21.4,57.1,0.0,2.4,24.4,73.2,22.0,5.0,47.5,47.5,42.5,19.0,16.7,64.3,-2.4,ND,ND,ND,ND,14.3,28.6,57.1,14.3,30.2,25.6,44.2,-4.7,14.3,23.8,61.9,9.5,4.9,48.8,46.3,43.9,2.4,53.7,43.9,51.2,9.8,39.0,51.2,29.3,34.1,17.1,48.8,-17.1
2012-01-31,28.9,21.1,50.0,-7.9,51.2,12.2,36.6,-39.0,18.4,28.9,52.6,10.5,2.9,45.7,51.4,42.9,5.4,56.8,37.8,51.4,12.8,20.5,66.7,7.7,ND,ND,ND,ND,2.6,41.0,56.4,38.5,14.6,31.7,53.7,17.1,2.6,26.3,71.1,23.7,0.0,51.3,48.7,51.3,2.6,43.6,53.8,41.0,5.1,35.9,59.0,30.8,20.5,28.2,51.3,7.7
2012-02-29,20.0,26.7,53.3,6.7,41.7,12.5,45.8,-29.2,20.0,24.4,55.6,4.4,4.3,37.0,58.7,32.6,2.3,59.1,38.6,56.8,15.2,21.7,63.0,6.5,ND,ND,ND,ND,6.5,43.5,50.0,37.0,6.3,39.6,54.2,33.3,13.6,29.5,56.8,15.9,0.0,50.0,50.0,50.0,0.0,52.3,47.7,52.3,4.4,31.1,64.4,26.7,17.8,26.7,55.6,8.9
2012-03-31,22.2,37.8,40.0,15.6,39.1,26.1,34.8,-13.0,20.5,29.5,50.0,9.1,2.3,30.2,67.4,27.9,2.2,57.8,40.0,55.6,15.9,20.5,63.6,4.5,ND,ND,ND,ND,8.9,48.9,42.2,40.0,15.6,35.6,48.9,20.0,8.9,35.6,55.6,26.7,0.0,60.0,40.0,60.0,0.0,62.2,37.8,62.2,8.9,35.6,55.6,26.7,13.6,31.8,54.5,18.2
2012-04-30,19.1,31.9,48.9,12.8,31.3,20.8,47.9,-10.4,21.7,23.9,54.3,2.2,0.0,38.6,61.4,38.6,0.0,51.1,48.9,51.1,8.9,15.6,75.6,6.7,ND,ND,ND,ND,8.5,42.6,48.9,34.0,8.3,25.0,66.7,16.7,12.8,38.3,48.9,25.5,4.3,40.4,55.3,36.2,2.1,44.7,53.2,42.6,6.4,27.7,66.0,21.3,26.1,23.9,50.0,-2.2
2012-05-31,16.2,32.4,51.5,16.2,42.0,15.9,42.0,-26.1,22.1,36.8,41.2,14.7,4.6,38.5,56.9,33.8,10.4,46.3,43.3,35.8,20.0,20.0,60.0,0.0,ND,ND,ND,ND,7.5,38.8,53.7,31.3,15.9,29.0,55.1,13.0,10.3,38.2,51.5,27.9,1.5,44.8,53.7,43.3,1.5,54.5,43.9,53.0,11.8,29.4,58.8,17.6,14.9,25.4,59.7,10.4
2012-06-30,19.1,30.3,50.6,11.2,46.7,12.2,41.1,-34.4,20.2,29.2,50.6,9.0,3.6,32.5,63.9,28.9,11.2,46.1,42.7,34.8,18.6,19.8,61.6,1.2,ND,ND,ND,ND,18.0,36.0,46.1,18.0,23.6,18.0,58.4,-5.6,10.1,31.5,58.4,21.3,2.3,30.7,67.0,28.4,3.4,48.9,47.7,45.5,12.6,27.6,59.8,14.9,15.9,28.4,55.7,12.5
2012-07-31,31.9,25.5,42.6,-6.4,49.5,13.7,36.8,-35.8,24.5,30.9,44.7,6.4,5.4,35.5,59.1,30.1,10.9,35.9,53.3,25.0,28.0,19.4,52.7,-8.6,ND,ND,ND,ND,14.9,28.7,56.4,13.8,24.2,16.8,58.9,-7.4,12.9,22.6,64.5,9.7,3.3,37.0,59.8,33.7,5.3,42.6,52.1,37.2,16.5,26.4,57.1,9.9,20.0,28.9,51.1,8.9
2012-08-31,37.2,22.1,40.7,-15.1,49.4,11.5,39.1,-37.9,28.6,29.8,41.7,1.2,7.3,36.6,56.1,29.3,7.1,48.2,44.7,41.2,22.4,23.5,54.1,1.2,ND,ND,ND,ND,19.8,37.2,43.0,17.4,27.6,16.1,56.3,-11.5,25.0,19.0,56.0,-6.0,4.7,25.9,69.4,21.2,7.0,50.0,43.0,43.0,14.3,21.4,64.3,7.1,17.6,20.0,62.4,2.4
2012-09-30,22.0,26.4,51.6,4.4,44.6,13.0,42.4,-31.5,20.9,25.3,53.8,4.4,4.5,35.2,60.2,30.7,7.8,50.0,42.2,42.2,16.7,25.6,57.8,8.9,ND,ND,ND,ND,19.6,23.9,56.5,4.3,22.8,26.1,51.1,3.3,18.9,24.4,56.7,5.6,3.3,28.3,68.5,25.0,1.1,48.9,50.0,47.8,10.9,23.9,65.2,13.0,19.8,29.7,50.5,9.9
2012-10-31,25.9,24.7,49.4,-1.2,47.7,11.6,40.7,-36.0,23.5,22.4,54.1,-1.2,2.5,33.3,64.2,30.9,3.5,57.6,38.8,54.1,16.7,22.6,60.7,6.0,ND,ND,ND,ND,12.9,37.6,49.4,24.7,19.8,23.3,57.0,3.5,18.6,18.6,62.8,0.0,0.0,30.2,69.8,30.2,4.8,58.3,36.9,53.6,12.9,21.2,65.9,8.2,18.8,25.9,55.3,7.1
2012-11-30,43.8,12.5,43.8,-31.3,53.7,6.1,40.2,-47.6,24.4,24.4,51.2,0.0,2.5,25.9,71.6,23.5,5.1,54.4,40.5,49.4,15.9,19.5,64.6,3.7,ND,ND,ND,ND,29.3,28.0,42.7,-1.2,32.9,24.4,42.7,-8.5,23.5,18.5,58.0,-4.9,3.7,29.6,66.7,25.9,4.9,58.0,37.0,53.1,22.0,24.4,53.7,2.4,24.7,29.6,45.7,4.9
2012-12-31,28.2,21.8,50.0,-6.4,41.3,8.8,50.0,-32.5,19.2,17.9,62.8,-1.3,2.6,26.0,71.4,23.4,3.9,44.2,51.9,40.3,14.1,19.2,66.7,5.1,ND,ND,ND,ND,15.4,26.9,57.7,11.5,26.3,20.0,53.8,-6.3,16.7,23.1,60.3,6.4,3.8,50.0,46.2,46.2,1.3,60.3,38.5,59.0,8.9,35.4,55.7,26.6,21.5,29.1,49.4,7.6
2013-01-31,23.5,22.2,54.3,-1.2,40.7,13.6,45.7,-27.2,17.5,27.5,55.0,10.0,2.6,35.9,61.5,33.3,6.2,45.7,48.1,39.5,14.8,28.4,56.8,13.6,ND,ND,ND,ND,13.8,36.3,50.0,22.5,14.8,33.3,51.9,18.5,20.8,26.0,53.2,5.2,2.5,49.4,48.1,46.8,4.9,58.0,37.0,53.1,12.5,31.3,56.3,18.8,22.2,28.4,49.4,6.2
2013-02-28,30.1,25.3,44.6,-4.8,37.3,16.9,45.8,-20.5,19.3,18.1,62.7,-1.2,3.6,39.8,56.6,36.1,3.6,56.6,39.8,53.0,12.3,24.7,63.0,12.3,ND,ND,ND,ND,10.8,38.6,50.6,27.7,12.0,38.6,49.4,26.5,20.5,20.5,59.0,0.0,2.4,44.6,53.0,42.2,2.4,62.7,34.9,60.2,6.1,35.4,58.5,29.3,15.7,25.3,59.0,9.6
2013-03-31,26.6,22.8,50.6,-3.8,48.1,15.2,36.7,-32.9,17.7,22.8,59.5,5.1,2.5,45.6,51.9,43.0,5.1,56.4,38.5,51.3,11.7,23.4,64.9,11.7,ND,ND,ND,ND,10.3,41.0,48.7,30.8,15.2,35.4,49.4,20.3,19.0,30.4,50.6,11.4,1.3,41.0,57.7,39.7,2.5,53.2,44.3,50.6,5.3,26.3,68.4,21.1,14.5,26.3,59.2,11.8
2013-04-30,20.9,23.3,55.8,2.3,41.9,16.3,41.9,-25.6,24.4,23.3,52.3,-1.2,2.4,40.0,57.6,37.6,4.8,52.4,42.9,47.6,8.2,23.5,68.2,15.3,ND,ND,ND,ND,6.0,36.1,57.8,30.1,11.8,32.9,55.3,21.2,12.8,27.9,59.3,15.1,2.3,33.7,64.0,31.4,0.0,48.8,51.2,48.8,8.3,32.1,59.5,23.8,15.7,28.9,55.4,13.3
2013-05-31,20.7,29.3,50.0,8.5,39.0,20.7,40.2,-18.3,15.9,25.6,58.5,9.8,1.2,39.0,59.8,37.8,1.2,51.9,46.9,50.6,11.3,25.0,63.8,13.8,ND,ND,ND,ND,14.6,48.8,36.6,34.1,9.9,34.6,55.6,24.7,17.1,36.6,46.3,19.5,2.4,42.7,54.9,40.2,1.2,46.9,51.9,45.7,8.6,33.3,58.0,24.7,8.6,34.6,56.8,25.9
2013-06-30,28.0,29.3,42.7,1.2,40.2,18.3,41.5,-22.0,23.2,31.7,45.1,8.5,2.5,30.9,66.7,28.4,2.4,51.2,46.3,48.8,13.6,19.8,66.7,6.2,14.6,29.3,56.1,14.6,12.2,45.1,42.7,32.9,11.0,35.4,53.7,24.4,20.8,33.3,45.8,12.5,4.2,43.1,52.8,38.9,1.4,54.2,44.4,52.8,9.9,21.1,69.0,11.3,12.7,36.6,50.7,23.9
2013-07-31,24.7,32.3,43.0,7.5,37.6,20.4,41.9,-17.2,25.0,30.4,44.6,5.4,5.4,37.0,57.6,31.5,5.4,47.8,46.7,42.4,11.1,25.6,63.3,14.4,13.2,33.0,53.8,19.8,15.2,41.3,43.5,26.1,14.0,30.1,55.9,16.1,20.0,35.3,44.7,15.3,3.5,33.7,62.8,30.2,1.2,44.2,54.7,43.0,9.3,30.2,60.5,20.9,14.0,30.2,55.8,16.3
2013-08-31,24.3,29.1,46.6,4.9,37.9,20.4,41.7,-17.5,20.8,24.8,54.5,4.0,2.0,39.6,58.4,37.6,5.0,44.6,50.5,39.6,11.9,23.8,64.4,11.9,19.0,36.0,45.0,17.0,15.5,46.6,37.9,31.1,11.7,36.9,51.5,25.2,9.2,32.7,58.2,23.5,2.0,40.8,57.1,38.8,1.0,52.0,46.9,51.0,8.1,30.3,61.6,22.2,17.2,34.3,48.5,17.2
2013-09-30,25.7,29.2,45.1,3.5,32.7,23.9,43.4,-8.8,15.5,31.8,52.7,16.4,2.7,35.5,61.8,32.7,4.6,56.9,38.5,52.3,9.1,22.7,68.2,13.6,15.5,30.9,53.6,15.5,16.1,44.6,39.3,28.6,13.3,33.6,53.1,20.4,17.3,36.4,46.4,19.1,3.6,44.5,51.8,40.9,1.8,58.2,40.0,56.4,10.0,34.5,55.5,24.5,19.3,33.0,47.7,13.8
2013-10-31,26.0,34.6,39.4,8.7,42.9,13.3,43.8,-29.5,18.4,31.1,50.5,12.6,3.9,34.0,62.1,30.1,3.9,50.5,45.6,46.6,14.6,31.1,54.4,16.5,18.4,27.2,54.4,8.7,19.0,38.1,42.9,19.0,27.6,24.8,47.6,-2.9,18.0,31.0,51.0,13.0,2.0,46.9,51.0,44.9,2.0,57.1,40.8,55.1,13.4,38.1,48.5,24.7,19.4,31.6,49.0,12.2
2013-11-30,21.2,35.4,43.4,14.1,33.3,19.2,47.5,-14.1,21.6,28.9,49.5,7.2,2.0,34.7,63.3,32.7,2.0,43.9,54.1,41.8,10.6,20.2,69.1,9.6,15.5,28.9,55.7,13.4,11.1,38.4,50.5,27.3,10.1,31.3,58.6,21.2,16.1,35.6,48.3,19.5,1.2,47.7,51.2,46.5,3.4,47.1,49.4,43.7,9.4,36.5,54.1,27.1,13.8,35.6,50.6,21.8
2013-12-31,23.7,31.6,44.7,7.9,34.8,22.6,42.6,-12.2,21.1,29.8,49.1,8.8,1.8,30.7,67.5,28.9,3.5,50.0,46.5,46.5,8.9,25.0,66.1,16.1,17.7,23.0,59.3,5.3,15.9,46.9,37.2,31.0,13.2,36.8,50.0,23.7,15.0,30.8,54.2,15.9,0.9,49.5,49.5,48.6,2.8,57.0,40.2,54.2,11.5,35.6,52.9,24.0,15.9,34.6,49.5,18.7
2014-01-31,23.9,30.1,46.0,6.2,29.2,21.2,49.6,-8.0,19.6,20.5,59.8,0.9,1.8,28.3,69.9,26.5,1.8,50.4,47.8,48.7,9.7,19.5,70.8,9.7,12.4,28.3,59.3,15.9,10.6,57.5,31.9,46.9,10.6,47.8,41.6,37.2,17.3,36.5,46.2,19.2,2.9,43.3,53.8,40.4,4.0,54.5,41.6,50.5,9.6,36.5,53.8,26.9,7.8,39.8,52.4,32.0
2014-02-28,36.0,25.4,38.6,-10.5,45.6,16.7,37.7,-28.9,18.0,27.0,55.0,9.0,1.8,38.7,59.5,36.9,2.7,54.1,43.2,51.4,10.9,26.4,62.7,15.5,16.4,24.5,59.1,8.2,10.5,51.8,37.7,41.2,12.4,41.6,46.0,29.2,18.9,31.1,50.0,12.3,2.8,41.5,55.7,38.7,0.0,57.5,42.5,57.5,8.5,36.8,54.7,28.3,18.7,30.8,50.5,12.1
2014-03-31,31.5,29.0,39.5,-2.4,43.5,21.8,34.7,-21.8,22.3,24.0,53.7,1.7,2.5,39.3,58.2,36.9,0.8,56.6,42.6,55.7,12.4,28.9,58.7,16.5,16.4,25.4,58.2,9.0,9.8,55.3,35.0,45.5,14.0,47.1,38.8,33.1,13.3,38.3,48.3,25.0,3.3,44.2,52.5,40.8,0.8,63.3,35.8,62.5,5.9,39.5,54.6,33.6,14.3,37.0,48.7,22.7
2014-04-30,27.6,40.3,32.1,12.7,31.3,24.6,44.0,-6.7,16.9,23.1,60.0,6.2,2.3,32.8,64.9,30.5,3.8,55.7,40.5,51.9,14.5,23.7,61.8,9.2,21.7,24.0,54.3,2.3,9.8,50.0,40.2,40.2,14.3,41.4,44.4,27.1,13.0,47.2,39.8,34.1,0.8,43.4,55.7,42.6,1.6,62.6,35.8,61.0,6.5,34.1,59.3,27.6,18.7,37.4,43.9,18.7
2014-05-31,30.5,35.9,33.6,5.5,32.6,21.7,45.7,-10.9,17.2,33.6,49.2,16.4,2.3,34.4,63.3,32.0,1.6,56.3,42.2,54.7,9.5,28.6,61.9,19.0,18.1,27.6,54.3,9.4,13.3,56.3,30.5,43.0,13.2,46.5,40.3,33.3,11.6,41.3,47.1,29.8,3.3,42.1,54.5,38.8,0.8,60.3,38.8,59.5,5.8,40.0,54.2,34.2,16.7,41.7,41.7,25.0
2014-06-30,26.4,43.2,30.4,16.8,34.6,25.2,40.2,-9.4,17.3,29.9,52.8,12.6,3.1,36.2,60.6,33.1,0.8,54.8,44.4,54.0,11.9,25.4,62.7,13.5,15.2,36.0,48.8,20.8,11.9,54.8,33.3,42.9,12.5,34.4,53.1,21.9,15.6,44.3,40.2,28.7,3.3,41.0,55.7,37.7,1.6,55.7,42.6,54.1,8.9,33.9,57.3,25.0,17.9,35.8,46.3,17.9
2014-07-31,23.9,36.2,39.9,12.3,30.7,23.6,45.7,-7.1,15.7,27.9,56.4,12.1,0.7,33.6,65.7,32.9,1.4,57.9,40.7,56.4,9.4,21.0,69.6,11.6,14.3,29.3,56.4,15.0,11.4,50.7,37.9,39.3,12.1,42.1,45.7,30.0,14.7,42.6,42.6,27.9,0.8,38.5,60.8,37.7,0.8,58.6,40.6,57.8,6.3,32.8,60.9,26.6,14.8,30.5,54.7,15.6
2014-08-31,23.1,39.2,37.7,16.2,27.3,24.2,48.5,-3.0,12.5,34.4,53.1,21.9,2.3,35.7,62.0,33.3,0.8,51.2,48.1,50.4,6.2,20.9,72.9,14.7,15.6,31.3,53.1,15.6,15.2,46.2,38.6,31.1,17.6,30.5,51.9,13.0,19.7,37.7,42.6,18.0,3.3,36.1,60.7,32.8,2.4,57.7,39.8,55.3,9.8,34.1,56.1,24.4,19.7,34.4,45.9,14.8
2014-09-30,29.3,30.9,39.8,1.6,30.9,19.5,49.6,-11.4,17.4,31.4,51.2,14.0,1.6,35.8,62.6,34.1,4.9,50.0,45.1,45.1,9.8,27.9,62.3,18.0,17.4,29.8,52.9,12.4,13.9,50.8,35.2,36.9,13.8,36.6,49.6,22.8,15.7,31.3,53.0,15.7,0.9,29.5,69.6,28.6,4.3,52.2,43.5,47.8,9.6,39.5,50.9,29.8,18.3,28.7,53.0,10.4
2014-10-31,21.1,31.3,47.7,10.2,31.8,17.8,50.4,-14.0,14.1,27.3,58.6,13.3,3.1,31.3,65.6,28.1,0.8,53.9,45.3,53.1,12.5,24.2,63.3,11.7,14.3,33.3,52.4,19.0,13.4,44.1,42.5,30.7,17.8,27.9,54.3,10.1,10.0,40.0,50.0,30.0,1.7,44.5,53.8,42.9,2.5,61.3,36.1,58.8,12.5,32.5,55.0,20.0,12.5,36.7,50.8,24.2
2014-11-30,21.1,38.7,40.1,17.6,26.2,20.6,53.2,-5.7,18.6,31.4,50.0,12.9,1.4,31.7,66.9,30.2,4.3,42.4,53.2,38.1,9.4,23.0,67.6,13.7,15.1,35.3,49.6,20.1,8.5,52.1,39.4,43.7,8.5,39.4,52.1,31.0,9.4,41.3,49.3,31.9,0.7,49.3,50.0,48.5,2.2,56.5,41.3,54.3,8.0,29.2,62.8,21.2,17.0,35.6,47.4,18.5
2014-12-31,27.3,35.2,37.5,7.8,32.0,24.2,43.8,-7.8,16.3,32.6,51.2,16.3,3.9,29.5,66.7,25.6,6.3,48.4,45.3,42.2,15.5,20.9,63.6,5.4,19.4,29.5,51.2,10.1,16.9,46.9,36.2,30.0,16.5,38.6,44.9,22.0,14.2,37.5,48.3,23.3,1.7,50.4,47.9,48.7,3.4,52.5,44.1,49.2,9.2,35.8,55.0,26.7,15.0,40.0,45.0,25.0
2015-01-31,23.1,38.8,38.1,15.6,23.1,23.8,53.1,0.7,13.9,29.9,56.3,16.0,3.5,32.6,63.9,29.2,6.2,45.5,48.3,39.3,8.5,20.4,71.1,12.0,16.1,32.2,51.7,16.1,9.7,45.1,45.1,35.4,10.9,37.4,51.7,26.5,11.3,39.0,49.6,27.7,1.4,58.2,40.4,56.7,4.9,53.5,41.5,48.6,10.0,34.3,55.7,24.3,17.7,36.9,45.4,19.1
2015-02-28,31.3,32.1,36.6,0.8,29.8,21.4,48.9,-8.4,13.1,30.0,56.9,16.9,2.3,37.7,60.0,35.4,2.3,53.8,43.8,51.5,14.7,20.9,64.3,6.2,14.0,30.2,55.8,16.3,11.5,48.9,39.7,37.4,9.1,42.4,48.5,33.3,11.2,36.8,52.0,25.6,0.8,50.0,49.2,49.2,2.4,56.7,40.9,54.3,7.2,33.6,59.2,26.4,19.2,34.4,46.4,15.2
2015-03-31,29.2,28.5,42.3,-0.7,28.7,15.4,55.9,-13.2,13.2,28.7,58.1,15.4,3.7,45.6,50.7,41.9,2.9,44.1,52.9,41.2,11.1,23.0,65.9,11.9,13.3,25.9,60.7,12.6,5.8,59.9,34.3,54.0,9.5,44.5,46.0,35.0,9.4,42.2,48.4,32.8,0.8,50.0,49.2,49.2,0.0,52.7,47.3,52.7,6.2,33.8,60.0,27.7,12.3,36.9,50.8,24.6
2015-04-30,22.3,33.1,44.6,10.8,26.0,19.1,55.0,-6.9,17.3,28.3,54.3,11.0,3.1,32.8,64.1,29.7,2.3,43.4,54.3,41.1,9.4,18.0,72.7,8.6,17.3,28.3,54.3,11.0,11.5,51.5,36.9,40.0,8.4,35.9,55.7,27.5,10.6,45.5,43.9,35.0,0.8,47.2,52.0,46.3,1.6,46.3,52.0,44.7,4.9,32.0,63.1,27.0,14.9,35.5,49.6,20.7
2015-05-31,24.8,37.6,37.6,12.8,26.2,18.3,55.6,-7.9,16.3,26.8,56.9,10.6,2.5,42.6,54.9,40.2,2.4,46.3,51.2,43.9,14.9,21.5,63.6,6.6,23.1,29.8,47.1,6.6,12.0,51.2,36.8,39.2,11.2,36.8,52.0,25.6,8.3,42.1,49.6,33.9,3.3,44.2,52.5,40.8,3.3,52.5,44.2,49.2,10.9,31.1,58.0,20.2,19.8,35.5,44.6,15.7
2015-06-30,25.4,36.6,38.1,11.2,31.1,18.5,50.4,-12.6,11.4,34.8,53.8,23.5,3.0,40.6,56.4,37.6,2.2,50.7,47.0,48.5,9.8,23.3,66.9,13.5,23.5,33.3,43.2,9.8,15.6,44.4,40.0,28.9,12.7,32.8,54.5,20.1,12.4,33.3,54.3,20.9,3.1,40.3,56.6,37.2,1.6,44.5,53.9,43.0,7.0,28.1,64.8,21.1,17.6,36.8,45.6,19.2
2015-07-31,27.7,38.7,33.6,10.9,29.2,21.9,48.9,-7.3,15.4,32.4,52.2,16.9,2.9,37.5,59.6,34.6,2.2,46.3,51.5,44.1,10.4,22.2,67.4,11.9,23.1,32.1,44.8,9.0,11.9,43.7,44.4,31.9,12.6,28.9,58.5,16.3,10.2,30.7,59.1,20.5,1.6,48.0,50.4,46.5,0.8,49.2,50.0,48.4,11.7,32.8,55.5,21.1,21.3,34.6,44.1,13.4
2015-08-31,26.5,31.1,42.4,4.5,27.1,18.8,54.1,-8.3,16.2,30.8,53.1,14.6,1.5,39.2,59.2,37.7,6.9,45.8,47.3,38.9,13.1,20.0,66.9,6.9,18.6,29.5,51.9,10.9,11.5,44.6,43.8,33.1,13.5,31.6,54.9,18.0,14.3,36.5,49.2,22.2,2.4,38.7,58.9,36.3,5.6,49.2,45.2,43.7,11.2,25.6,63.2,14.4,19.8,29.4,50.8,9.5
2015-09-30,28.6,32.3,39.1,3.8,31.6,19.5,48.9,-12.0,16.7,29.5,53.8,12.9,2.3,33.3,64.4,31.1,4.5,37.3,58.2,32.8,10.6,22.0,67.4,11.4,22.7,27.3,50.0,4.5,21.8,37.6,40.6,15.8,23.5,29.5,47.0,6.1,9.5,37.3,53.2,27.8,1.6,40.2,58.3,38.6,3.2,49.6,47.2,46.4,7.1,25.4,67.5,18.3,20.8,33.6,45.6,12.8
2015-10-31,32.3,35.3,32.3,3.0,36.8,18.0,45.1,-18.8,15.3,27.5,57.3,12.2,1.5,27.7,70.8,26.2,5.3,38.6,56.1,33.3,13.1,18.5,68.5,5.4,20.8,23.1,56.2,2.3,19.5,45.9,34.6,26.3,19.2,33.8,46.9,14.6,14.2,32.3,53.5,18.1,2.3,41.4,56.3,39.1,1.6,53.2,45.2,51.6,11.2,36.0,52.8,24.8,16.7,31.7,51.6,15.1
2015-11-30,31.9,26.8,41.3,-5.1,36.0,20.9,43.2,-15.1,19.3,24.3,56.4,5.0,0.7,28.3,71.0,27.5,4.3,42.9,52.9,38.6,13.8,15.2,71.0,1.4,18.2,29.2,52.6,10.9,14.6,40.1,45.3,25.5,18.1,26.8,55.1,8.7,15.2,30.3,54.5,15.2,1.5,54.1,44.4,52.6,0.8,48.5,50.8,47.7,9.9,30.5,59.5,20.6,17.1,35.7,47.3,18.6
2015-12-31,27.7,29.7,42.6,2.0,34.0,21.3,44.7,-12.7,21.2,28.1,50.7,6.8,1.4,27.4,71.2,26.0,4.1,46.3,49.7,42.2,10.3,19.3,70.3,9.0,17.2,24.8,57.9,7.6,18.7,39.3,42.0,20.7,15.3,27.3,57.3,12.0,12.6,36.4,51.0,23.8,2.1,52.4,45.5,50.3,2.7,56.2,41.1,53.4,8.4,36.4,55.2,28.0,14.5,38.6,46.9,24.1
2016-01-31,30.6,34.7,34.7,4.1,25.0,24.3,50.7,-0.7,18.2,27.0,54.7,8.8,2.7,37.4,59.9,34.7,8.2,46.9,44.9,38.8,13.8,24.1,62.1,10.3,14.4,39.6,46.0,25.2,17.1,41.8,41.1,24.7,21.2,32.9,45.9,11.6,16.4,42.9,40.7,26.4,0.7,54.3,45.0,53.6,3.6,49.3,47.1,45.7,10.9,34.3,54.7,23.4,15.1,32.2,52.7,17.1
2016-02-29,37.5,26.4,36.1,-11.1,42.5,15.8,41.8,-26.7,16.4,25.3,58.2,8.9,4.1,39.0,56.8,34.9,10.3,41.8,47.9,31.5,15.9,17.9,66.2,2.1,20.0,24.1,55.9,4.1,18.8,42.4,38.9,23.6,30.6,22.2,47.2,-8.3,16.5,38.8,44.6,22.3,5.0,48.9,46.1,44.0,4.4,45.3,50.4,40.9,9.9,30.5,59.6,20.6,17.1,36.4,46.4,19.3
2016-03-31,24.4,37.0,38.5,12.6,35.5,25.4,39.1,-10.1,15.6,30.4,54.1,14.8,4.4,40.0,55.6,35.6,5.2,44.4,50.4,39.3,11.2,24.6,64.2,13.4,20.3,26.3,53.4,6.0,15.4,47.1,37.5,31.6,18.2,33.6,48.2,15.3,17.9,38.1,44.0,20.1,3.8,48.1,48.1,44.4,2.3,44.7,53.0,42.4,9.0,27.6,63.4,18.7,14.2,35.8,50.0,21.6
2016-04-30,29.3,30.8,39.8,1.5,35.8,17.2,47.0,-18.7,20.1,28.4,51.5,8.2,5.2,41.0,53.7,35.8,6.7,39.6,53.7,32.8,15.3,18.3,66.4,3.1,21.8,29.3,48.9,7.5,15.8,45.9,38.3,30.1,18.2,30.3,51.5,12.1,15.7,41.7,42.5,26.0,3.1,52.3,44.5,49.2,1.6,44.9,53.5,43.3,11.1,28.6,60.3,17.5,13.5,42.1,44.4,28.6
2016-05-31,27.1,32.5,40.4,5.4,33.3,20.8,45.8,-12.5,19.8,24.0,56.3,4.2,3.0,37.1,59.9,34.1,3.6,42.5,53.9,38.9,12.1,17.6,70.3,5.5,18.8,33.3,47.9,14.5,15.6,40.1,44.3,24.6,20.8,26.8,52.4,6.0,13.6,37.0,49.4,23.5,3.0,42.7,54.3,39.6,4.3,45.1,50.6,40.7,8.8,26.9,64.4,18.1,17.8,35.6,46.6,17.8
2016-06-30,30.4,33.5,36.1,3.2,36.9,17.8,45.2,-19.1,22.3,27.4,50.3,5.1,3.8,40.4,55.8,36.5,4.5,40.0,55.5,35.5,10.8,20.4,68.8,9.6,19.4,32.9,47.7,13.5,20.1,42.8,37.1,22.6,19.5,30.8,49.7,11.3,14.7,37.2,48.1,22.4,3.2,45.8,51.0,42.6,2.0,43.4,54.6,41.4,9.7,28.6,61.7,18.8,14.8,38.1,47.1,23.2
2016-07-31,25.7,31.1,43.2,5.4,38.2,18.4,43.4,-19.7,17.8,27.0,55.3,9.2,4.6,36.8,58.6,32.2,3.3,38.8,57.9,35.5,10.9,17.0,72.1,6.1,17.4,32.9,49.7,15.4,19.7,36.8,43.4,17.1,24.2,26.2,49.7,2.0,15.1,38.4,46.6,23.3,2.8,41.4,55.9,38.6,2.8,39.6,57.6,36.8,9.1,28.7,62.2,19.6,17.9,31.7,50.3,13.8
2016-08-31,42.6,22.7,34.8,-19.9,45.1,13.9,41.0,-31.3,21.3,24.1,54.6,2.8,2.9,37.9,59.3,35.0,2.1,37.6,60.3,35.5,12.8,14.2,73.0,1.4,19.3,21.4,59.3,2.1,16.2,35.2,48.6,19.0,20.4,23.2,56.3,2.8,17.9,30.0,52.1,12.1,1.4,36.4,62.1,35.0,2.9,38.7,58.4,35.8,8.6,24.5,66.9,15.8,18.0,30.9,51.1,12.9
2016-09-30,36.0,27.3,36.7,-8.7,39.7,17.2,43.0,-22.5,20.9,29.1,50.0,8.1,1.4,42.2,56.5,40.8,3.4,35.6,61.0,32.2,13.1,20.7,66.2,7.6,20.3,32.4,47.3,12.2,19.3,40.7,40.0,21.3,17.2,25.2,57.6,7.9,20.4,27.2,52.4,6.8,1.3,46.3,52.3,45.0,4.1,46.6,49.3,42.5,15.0,29.9,55.1,15.0,22.3,31.1,46.6,8.8
2016-10-31,38.2,25.0,36.8,-13.2,40.0,10.3,49.7,-29.7,18.8,28.5,52.8,9.7,2.8,36.1,61.1,33.3,2.1,38.5,59.4,36.4,9.2,18.3,72.5,9.2,20.3,26.6,53.1,6.3,20.6,31.2,48.2,10.6,24.3,20.7,55.0,-3.6,17.5,30.1,52.4,12.6,1.4,40.8,57.7,39.4,4.2,45.5,50.3,41.3,8.4,29.4,62.2,21.0,22.4,30.1,47.6,7.7
2016-11-30,30.2,23.5,46.3,-6.8,37.4,13.5,49.1,-23.9,22.8,30.9,46.3,8.0,2.5,29.4,68.1,26.9,3.1,38.9,58.0,35.8,11.9,15.7,72.3,3.8,17.5,28.1,54.4,10.6,18.0,41.6,40.4,23.6,21.6,25.3,53.1,3.7,17.2,34.4,48.4,17.2,2.5,51.6,45.9,49.1,2.5,45.6,51.9,43.0,9.0,32.1,59.0,23.1,13.5,32.7,53.8,19.2
2016-12-31,27.1,26.5,46.4,-0.6,27.9,24.0,48.1,-3.8,14.6,25.8,59.6,11.2,4.0,28.2,67.8,24.3,3.4,38.1,58.5,34.7,13.2,10.9,75.9,-2.3,17.8,25.3,56.9,7.5,13.0,54.2,32.8,41.2,14.7,45.8,39.5,31.1,15.0,40.5,44.5,25.4,3.4,55.7,40.8,52.3,0.6,54.3,45.1,53.8,7.6,38.8,53.5,31.2,13.5,42.1,44.4,28.7
2017-01-31,27.2,34.6,38.3,7.4,25.5,22.4,52.1,-3.0,13.9,31.0,55.1,17.1,3.8,34.8,61.4,31.0,1.9,45.9,52.2,44.0,12.7,22.3,65.0,9.6,14.0,31.2,54.8,17.2,14.1,54.0,31.9,39.9,13.0,46.9,40.1,34.0,17.5,43.8,38.8,26.3,3.8,52.9,43.3,49.0,1.9,56.4,41.7,54.5,8.3,38.9,52.9,30.6,17.2,40.8,42.0,23.6
2017-02-28,24.2,30.9,45.0,6.7,22.7,23.3,54.0,0.7,15.6,35.4,49.0,19.7,4.8,40.1,55.1,35.4,2.7,51.0,46.3,48.3,11.8,23.6,64.6,11.8,17.9,26.9,55.2,9.0,10.9,52.4,36.7,41.5,16.3,42.2,41.5,25.9,11.2,42.7,46.2,31.5,2.1,42.7,55.2,40.6,2.1,54.3,43.6,52.1,8.6,34.3,57.1,25.7,11.3,39.4,49.3,28.2
2017-03-31,28.5,31.6,39.9,3.2,22.0,22.0,56.0,0.0,17.1,27.2,55.7,10.1,2.5,41.4,56.1,38.9,1.9,46.8,51.3,44.9,8.3,26.3,65.4,17.9,17.2,29.9,52.9,12.7,10.8,60.8,28.5,50.0,12.6,47.8,39.6,35.2,16.7,35.3,48.1,18.6,2.6,41.3,56.1,38.7,1.3,54.2,44.5,52.9,6.5,34.4,59.1,27.9,12.8,38.5,48.7,25.6
2017-04-30,25.2,31.9,42.9,6.7,25.5,28.5,46.1,3.0,19.1,24.1,56.8,4.9,1.2,36.4,62.3,35.2,1.2,45.3,53.4,44.1,8.8,26.4,64.8,17.6,12.3,32.1,55.6,19.8,15.8,52.7,31.5,37.0,13.6,41.4,45.1,27.8,13.8,39.6,46.5,25.8,1.9,41.8,56.3,39.9,3.1,51.9,45.0,48.8,6.3,30.8,62.9,24.5,9.4,40.6,50.0,31.3
2017-05-31,27.1,33.7,39.2,6.6,26.1,28.5,45.5,2.4,14.0,20.7,65.2,6.7,0.6,39.6,59.8,39.0,0.6,45.4,54.0,44.8,6.1,23.8,70.1,17.7,15.9,26.8,57.3,11.0,14.4,49.7,35.9,35.3,15.1,36.1,48.8,21.1,14.1,35.6,50.3,21.5,0.6,44.5,54.9,43.9,1.9,45.7,52.5,43.8,4.9,32.7,62.3,27.8,16.6,33.7,49.7,17.2
2017-06-30,28.2,31.5,40.3,3.4,35.5,20.0,44.5,-15.5,19.5,22.1,58.4,2.7,4.7,32.2,63.1,27.5,4.0,40.3,55.7,36.2,8.8,17.7,73.5,8.8,15.4,28.9,55.7,13.4,13.8,45.4,40.8,31.6,12.0,28.7,59.3,16.7,11.6,38.1,50.3,26.5,3.4,43.5,53.1,40.1,4.2,45.8,50.0,41.7,6.3,27.1,66.7,20.8,14.3,34.7,51.0,20.4
2017-07-31,27.8,27.2,45.0,-0.7,31.8,18.5,49.7,-13.2,18.5,28.1,53.4,9.6,2.1,34.5,63.4,32.4,2.7,41.1,56.2,38.4,6.9,17.2,75.9,10.3,17.5,28.7,53.8,11.2,14.2,42.6,43.2,28.4,16.1,32.2,51.7,16.1,16.8,29.4,53.8,12.6,1.4,39.9,58.7,38.5,2.8,47.2,50.0,44.4,5.6,23.2,71.1,17.6,14.6,29.2,56.3,14.6
2017-08-31,23.9,35.6,40.5,11.7,28.7,22.6,48.8,-6.1,21.1,28.6,50.3,7.5,2.5,35.8,61.7,33.3,0.6,36.9,62.5,36.3,7.5,21.4,71.1,13.8,19.0,29.7,51.3,10.8,13.1,44.4,42.5,31.3,18.0,33.5,48.4,15.5,10.1,38.6,51.3,28.5,1.3,34.4,64.4,33.1,1.9,46.3,51.9,44.4,6.3,29.7,63.9,23.4,13.0,33.5,53.4,20.5
2017-09-30,25.5,34.9,39.6,9.4,25.3,20.0,54.7,-5.3,17.7,28.6,53.7,10.9,1.4,36.3,62.3,34.9,2.0,44.2,53.7,42.2,6.1,25.2,68.7,19.0,22.6,29.5,47.9,6.8,14.3,40.1,45.6,25.9,24.0,25.3,50.7,1.3,13.0,36.3,50.7,23.3,2.8,47.6,49.7,44.8,2.8,50.3,46.9,47.6,4.9,32.2,62.9,27.3,16.4,37.0,46.6,20.5
2017-10-31,28.0,33.8,38.2,5.7,27.2,21.5,51.3,-5.7,11.6,29.7,58.7,18.1,0.7,36.8,62.5,36.2,1.9,43.5,54.5,41.6,7.3,23.2,69.5,15.9,17.5,24.7,57.8,7.1,17.9,34.0,48.1,16.0,18.6,22.4,59.0,3.8,14.0,39.5,46.5,25.5,1.3,47.1,51.6,45.9,2.5,51.6,45.9,49.0,7.7,30.8,61.5,23.1,14.0,36.9,49.0,22.9
2017-11-30,20.1,39.1,40.8,18.9,26.7,23.3,50.0,-3.5,16.0,25.3,58.6,9.3,1.2,26.7,72.0,25.5,1.9,45.7,52.5,43.8,8.2,19.5,72.3,11.3,15.0,28.1,56.9,13.1,13.5,47.6,38.8,34.1,17.1,37.1,45.9,20.0,14.2,36.7,49.1,22.5,1.2,50.3,48.5,49.1,1.8,50.9,47.3,49.1,7.2,35.9,56.9,28.7,12.5,32.7,54.8,20.2
2017-12-31,21.5,38.2,40.3,16.7,23.3,32.9,43.8,9.6,14.7,23.8,61.5,9.1,3.5,30.1,66.4,26.6,2.8,48.3,49.0,45.5,9.9,22.0,68.1,12.1,15.4,28.0,56.6,12.6,14.2,47.3,38.5,33.1,15.5,39.2,45.3,23.6,11.8,41.7,46.5,29.9,2.1,57.5,40.4,55.5,2.1,51.0,46.9,49.0,6.3,34.5,59.2,28.2,10.3,39.0,50.7,28.8
2018-01-31,18.1,36.1,45.8,18.1,15.7,32.1,52.2,16.4,15.8,26.3,57.9,10.5,1.3,38.4,60.3,37.1,2.0,51.3,46.7,49.3,6.6,23.2,70.2,16.6,14.1,28.9,57.0,14.8,7.5,54.7,37.7,47.2,8.2,43.7,48.1,35.4,12.3,41.6,46.1,29.2,0.0,55.8,44.2,55.8,0.7,61.8,37.5,61.2,5.3,39.5,55.3,34.2,9.8,35.9,54.2,26.1
2018-02-28,24.9,40.7,34.4,15.9,16.8,37.9,45.3,21.1,13.9,29.4,56.7,15.5,2.1,43.9,54.0,41.7,2.1,58.3,39.6,56.1,7.6,28.1,64.3,20.5,12.7,34.3,53.0,21.5,8.5,58.5,33.0,50.0,9.5,48.1,42.3,38.6,11.3,45.7,43.0,34.4,0.5,53.5,45.9,53.0,1.6,58.6,39.8,57.0,4.9,42.4,52.7,37.5,9.7,39.8,50.5,30.1
